{"cameraMode":{"drawMode":0,"name":"Shaded","section":"Shading Mode"},"sceneLighting":true,"audioPlay":false,"sceneViewState":{"m_AlwaysRefresh":false,"showFog":true,"showSkybox":true,"showFlares":true,"showImageEffects":true,"showParticleSystems":true,"showVisualEffectGraphs":true,"m_FxEnabled":true},"in2DMode":false,"pivot":{"x":35.71019744873047,"y":12.343672752380371,"z":-19.109899520874025},"rotation":{"x":-0.10992611944675446,"y":0.6416767835617065,"z":-0.09361808747053147,"w":-0.7532306909561157},"size":11.643969535827637,"orthographic":false}